{
  "ameliaUrl": "https://bcbsma.dev.amelia.com/Amelia/ui/BCBSMAdev/",
  "chatUrl": "https://bcbsma.dev.amelia.com/Amelia/ui/",
  "parentUrl": "https://www.bluecrossma.org/",
  "actions": {
    "nav_online-performance-savings-account": {
      "url": "https://www.capitalone.com/bank/savings-accounts/online-performance-savings-account/"
    },
    "nav_kids-savings-account": {
      "url": "https://www.capitalone.com/bank/savings-accounts/kids-savings-account/"
    },
    "nav_travel-and-miles": {
      "url": "https://www.capitalone.com/credit-cards/travel-and-miles/"
    }
  }
}
